{"cameraMode":{"drawMode":0,"name":"Shaded","section":"Shading Mode"},"sceneLighting":true,"audioPlay":false,"sceneViewState":{"showFog":true,"showMaterialUpdate":false,"showSkybox":true,"showFlares":true,"showImageEffects":true,"showParticleSystems":true},"in2DMode":false,"pivot":{"x":538.1926879882813,"y":32.13072967529297,"z":572.8656005859375},"rotation":{"x":0.06375647336244583,"y":-0.05535833165049553,"z":0.003542115446180105,"w":0.9964232444763184},"size":32.73630142211914,"orthographic":true}