{"cameraMode":{"drawMode":0,"name":"Shaded","section":"Shading Mode"},"sceneLighting":false,"audioPlay":false,"sceneViewState":{"showFog":true,"showMaterialUpdate":false,"showSkybox":true,"showFlares":true,"showImageEffects":true,"showParticleSystems":true},"in2DMode":false,"pivot":{"x":478.27716064453127,"y":38.16176223754883,"z":559.8198852539063},"rotation":{"x":-0.0680634081363678,"y":0.9091488718986511,"z":-0.16431944072246552,"w":-0.37658193707466128},"size":3.3082377910614015,"orthographic":false}