{"cameraMode":{"drawMode":0,"name":"Shaded","section":"Shading Mode"},"sceneLighting":false,"audioPlay":false,"sceneViewState":{"showFog":true,"showMaterialUpdate":false,"showSkybox":true,"showFlares":true,"showImageEffects":true,"showParticleSystems":true},"in2DMode":false,"pivot":{"x":66.504638671875,"y":-412.58319091796877,"z":229.028076171875},"rotation":{"x":-0.07792298495769501,"y":0.9165722727775574,"z":-0.21993333101272584,"w":-0.3247409760951996},"size":1551.427978515625,"orthographic":false}