{"cameraMode":{"drawMode":0,"name":"Shaded","section":"Shading Mode"},"sceneLighting":false,"audioPlay":false,"sceneViewState":{"showFog":true,"showMaterialUpdate":false,"showSkybox":true,"showFlares":true,"showImageEffects":true,"showParticleSystems":true},"in2DMode":false,"pivot":{"x":0.4721161723136902,"y":0.8727477788925171,"z":0.0},"rotation":{"x":0.5542087554931641,"y":0.0783863365650177,"z":-0.05252913758158684,"w":0.8270136713981628},"size":5.827976226806641,"orthographic":false}